"Reference","Qty","Value","DNP","Exclude from BOM","Exclude from Board","Footprint","Datasheet"
"C1,C2","2","10u","","","","Capacitor_SMD:C_0603_1608Metric",""
"C3,C4","2","100n","","","","Capacitor_SMD:C_0402_1005Metric",""
"C5","1","470n","","","","Capacitor_SMD:C_0402_1005Metric",""
"D1","1","SBR3U60P1-7","DNP","","","Diode_SMD:D_PowerDI-123",""
"J1","1","","","","","Connector_USB:USB_C_Receptacle_GCT_USB4110","https://www.usb.org/sites/default/files/documents/usb_type-c.zip"
"J2","1","USB_A","","","","Connector_USB:USB_A_Receptacle_GCT_USB1046",""
"R1,R2","2","5.1k","","","","Capacitor_SMD:C_0402_1005Metric",""
"R6","1","5k","","","","Capacitor_SMD:C_0402_1005Metric",""
"R7,R8","2","1M","","","","Capacitor_SMD:C_0402_1005Metric",""
"U2","1","LT3045xDD","","","","Package_DFN_QFN:DFN-10-1EP_3x3mm_P0.5mm_EP1.65x2.38mm","https://www.analog.com/media/en/technical-documentation/data-sheets/3045fa.pdf"
